<?xml version="1.0" encoding="UTF-8"?>
<!DOCTYPE suite SYSTEM "https://testng.org/testng-1.0.dtd">
<suite name="Suite">
<listeners>
<listener class-name="SeleniumFrameworkDesignTest.TestComponents.Listeners"/>
</listeners>
  <test thread-count="5" name="StandaloneTest">
    <classes>
      <class name="SeleniumFrameworkDesignTest.StandaloneTest2"/>
    </classes>
  </test> <!-- Test -->
   
   <test thread-count="5" name="ErrorValidationTest">
    <classes>
      <class name="SeleniumFrameworkDesignTest.ErrorValidationsTest"/>
    </classes>
  </test> <!-- Test -->
  
</suite> <!-- Suite -->
